show databases;

use bankingmanagemtntsystem;


create TABLE customerses (custid VARCHAR(6) PRIMARY KEY,first_name VARCHAR(30) not null,last_name VARCHAR(30) not null,city VARCHAR(20) not null,mobileno VARCHAR(10) not null,occupation VARCHAR(30) not null,DateOfBirth Date not null);
desc customerses;

INSERT INTO customerses (custid, first_name, last_name, city, mobileno, occupation, dateofbirth) VALUES
('C00001', 'John', 'Doe', 'New York', '1234567890', 'Engineer', '1980-01-01'),
('C00002', 'Jane', 'Doe', 'Los Angeles', '1234567891', 'Doctor', '1981-02-02'),
('C00003', 'Jim', 'Beam', 'Chicago', '1234567892', 'Teacher', '1982-03-03'),
('C00004', 'Jack', 'Daniels', 'Houston', '1234567893', 'Lawyer', '1983-04-04'),
('C00005', 'Jill', 'Valentine', 'Phoenix', '1234567894', 'Nurse', '1984-05-05'),
('C00006', 'Chris', 'Redfield', 'Philadelphia', '1234567895', 'Firefighter', '1985-06-06'),
('C00007', 'Claire', 'Redfield', 'San Antonio', '1234567896', 'Scientist', '1986-07-07'),
('C00008', 'Leon', 'Kennedy', 'San Diego', '1234567897', 'Policeman', '1987-08-08'),
('C00009', 'Ada', 'Wong', 'Dallas', '1234567898', 'Agent', '1988-09-09'),
('C00010', 'Albert', 'Wesker', 'San Jose', '1234567899', 'CEO', '1989-10-10'),
('C00011', 'Barry', 'Burton', 'Austin', '1234567800', 'Engineer', '1990-11-11'),
('C00012', 'Rebecca', 'Chambers', 'Jacksonville', '1234567801', 'Doctor', '1991-12-12'),
('C00013', 'Sherry', 'Birkin', 'Fort Worth', '1234567802', 'Scientist', '1992-01-13'),
('C00014', 'Carlos', 'Oliveira', 'Columbus', '1234567803', 'Soldier', '1993-02-14'),
('C00015', 'Hunk', 'Unknown', 'Charlotte', '1234567804', 'Agent', '1994-03-15'),
('C00016', 'Billy', 'Coen', 'San Francisco', '1234567805', 'Soldier', '1995-04-16'),
('C00017', 'Sheva', 'Alomar', 'Indianapolis', '1234567806', 'Agent', '1996-05-17'),
('C00018', 'Piers', 'Nivans', 'Seattle', '1234567807', 'Soldier', '1997-06-18'),
('C00019', 'Helena', 'Harper', 'Denver', '1234567808', 'Agent', '1998-07-19'),
('C00020', 'Jake', 'Muller', 'Washington', '1234567809', 'Soldier', '1999-08-20'),
('C00021', 'Moira', 'Burton', 'Boston', '1234567810', 'Scientist', '2000-09-21'),
('C00022', 'Natalia', 'Korda', 'El Paso', '1234567811', 'Student', '2001-10-22'),
('C00023', 'Ethan', 'Winters', 'Nashville', '1234567812', 'Engineer', '2002-11-23'),
('C00024', 'Mia', 'Winters', 'Detroit', '1234567813', 'Scientist', '2003-12-24'),
('C00025', 'Zoey', 'Baker', 'Memphis', '1234567814', 'Doctor', '2004-01-25'),
('C00026', 'Lucas', 'Baker', 'Portland', '1234567815', 'Engineer', '2005-02-26'),
('C00027', 'Marguerite', 'Baker', 'Las Vegas', '1234567816', 'Teacher', '2006-03-27'),
('C00028', 'Jack', 'Baker', 'Oklahoma City', '1234567817', 'Policeman', '2007-04-28'),
('C00029', 'Joe', 'Baker', 'Louisville', '1234567818', 'Lawyer', '2008-05-29'),
('C00030', 'Peter', 'Parker', 'Baltimore', '1234567819', 'Photographer', '2009-06-30'),
('C00031', 'Clark', 'Kent', 'Milwaukee', '1234567820', 'Journalist', '2010-07-31'),
('C00032', 'Bruce', 'Wayne', 'Albuquerque', '1234567821', 'CEO', '1980-01-01'),
('C00033', 'Diana', 'Prince', 'Tucson', '1234567822', 'Soldier', '1981-02-02'),
('C00034', 'Barry', 'Allen', 'Fresno', '1234567823', 'Scientist', '1982-03-03'),
('C00035', 'Arthur', 'Curry', 'Sacramento', '1234567824', 'Fisherman', '1983-04-04'),
('C00036', 'Victor', 'Stone', 'Kansas City', '1234567825', 'Athlete', '1984-05-05'),
('C00037', 'Oliver', 'Queen', 'Long Beach', '1234567826', 'Archer', '1985-06-06'),
('C00038', 'Hal', 'Jordan', 'Mesa', '1234567827', 'Pilot', '1986-07-07'),
('C00039', 'John', 'Stewart', 'Atlanta', '1234567828', 'Engineer', '1987-08-08'),
('C00040', 'Kyle', 'Rayner', 'Springs', '1234567829', 'Artist', '1988-09-09'),
('C00041', 'Jessica', 'Cruz', 'Raleigh', '1234567830', 'Agent', '1989-10-10'),
('C00042', 'Simon', 'Baz', 'Omaha', '1234567831', 'Soldier', '1990-11-11'),
('C00043', 'Guy', 'Gardner', 'Miami', '1234567832', 'Teacher', '1991-12-12'),
('C00044', 'John', 'Constantine', 'Virginia Beach', '1234567833', 'Detective', '1992-01-13'),
('C00045', 'Zatanna', 'Zatara', 'Oakland', '1234567834', 'Magician', '1993-02-14'),
('C00046', 'Billy', 'Batson', 'Minneapolis', '1234567835', 'Student', '1994-03-15'),
('C00047', 'Freddy', 'Freeman', 'Tulsa', '1234567836', 'Student', '1995-04-16'),
('C00048', 'Mary', 'Bromfield', 'Arlington', '1234567837', 'Student', '1996-05-17'),
('C00049', 'Darla', 'Dudley', 'New Orleans', '1234567838', 'Student', '1997-06-18'),
('C00050', 'Eugene', 'Choi', 'Wichita', '1234567839', 'Student', '1998-07-19'),
('C00051', 'Pedro', 'Pena', 'Cleveland', '1234567840', 'Student', '1999-08-20'),
('C00052', 'Harley', 'Quinn', 'Tampa', '1234567841', 'Psychiatrist', '2000-09-21'),
('C00053', 'Pamela', 'Isley', 'Bakersfield', '1234567842', 'Botanist', '2001-10-22'),
('C00054', 'Selina', 'Kyle', 'Aurora', '1234567843', 'Thief', '2002-11-23'),
('C00055', 'Talia', 'Al Ghul', 'Anaheim', '1234567844', 'Assassin', '2003-12-24'),
('C00056', 'Dinah', 'Drake', 'Santa Ana', '1234567845', 'Detective', '2004-01-25'),
('C00057', 'Helena', 'Bertinelli', 'Corpus Christi', '1234567846', 'Teacher', '2005-02-26'),
('C00058', 'Kara', 'Zor-El', 'Riverside', '1234567847', 'Journalist', '2006-03-27'),
('C00059', 'Lois', 'Lane', 'Lexington', '1234567848', 'Journalist', '2007-04-28'),
('C00060', 'Jimmy', 'Olsen', 'Stockton', '1234567849', 'Photographer', '2008-05-29'),
('C00061', 'Alfred', 'Pennyworth', 'Henderson', '1234567850', 'Butler', '2009-06-30'),
('C00062', 'Lucius', 'Fox', 'St. Paul', '1234567851', 'Engineer', '2010-07-31'),
('C00063', 'James', 'Gordon', 'St. Louis', '1234567852', 'Policeman', '1980-01-01'),
('C00064', 'Barbara', 'Gordon', 'Cincinnati', '1234567853', 'Librarian', '1981-02-02'),
('C00065', 'Dick', 'Grayson', 'Pittsburgh', '1234567854', 'Detective', '1982-03-03'),
('C00066', 'Jason', 'Todd', 'Greensboro', '1234567855', 'Detective', '1983-04-04'),
('C00067', 'Tim', 'Drake', 'Anchorage', '1234567856', 'Detective', '1984-05-05'),
('C00068', 'Stephanie', 'Brown', 'Plano', '1234567857', 'Student', '1985-06-06'),
('C00069', 'Damian', 'Wayne', 'Lincoln', '1234567858', 'Student', '1986-07-07'),
('C00070', 'Cassandra', 'Cain', 'Orlando', '1234567859', 'Assassin', '1987-08-08'),
('C00071', 'Terry', 'McGinnis', 'Irvine', '1234567860', 'Student', '1988-09-09'),
('C00072', 'Wally', 'West', 'Newark', '1234567861', 'Scientist', '1989-10-10'),
('C00073', 'Bart', 'Allen', 'Toledo', '1234567862', 'Student', '1990-11-11'),
('C00074', 'Jesse', 'Quick', 'Durham', '1234567863', 'Scientist', '1991-12-12'),
('C00075', 'Jay', 'Garrick', 'Chula Vista', '1234567864', 'Scientist', '1992-01-13'),
('C00076', 'Alan', 'Scott', 'Fort Wayne', '1234567865', 'Engineer', '1993-02-14'),
('C00077', 'Ted', 'Grant', 'Jersey City', '1234567866', 'Boxer', '1994-03-15'),
('C00078', 'Rex', 'Tyler', 'St. Petersburg', '1234567867', 'Chemist', '1995-04-16'),
('C00079', 'Carter', 'Hall', 'Laredo', '1234567868', 'Archaeologist', '1996-05-17'),
('C00080', 'Kendra', 'Saunders', 'Madison', '1234567869', 'Archaeologist', '1997-06-18'),
('C00081', 'Kent', 'Nelson', 'Chandler', '1234567870', 'Doctor', '1998-07-19'),
('C00082', 'Courtney', 'Whitmore', 'Lubbock', '1234567871', 'Student', '1999-08-20'),
('C00083', 'Barbara', 'Minerva', 'Scottsdale', '1234567872', 'Archaeologist', '2000-09-21'),
('C00084', 'Maxwell', 'Lord', 'Reno', '1234567873', 'Businessman', '2001-10-22'),
('C00085', 'Amanda', 'Waller', 'Buffalo', '1234567874', 'Agent', '2002-11-23'),
('C00086', 'Rick', 'Flagg', 'Glendale', '1234567875', 'Soldier', '2003-12-24'),
('C00087', 'June', 'Moone', 'Gilbert', '1234567876', 'Artist', '2004-01-25'),
('C00088', 'Floyd', 'Lawton', 'Winston–Salem', '1234567877', 'Assassin', '2005-02-26'),
('C00089', 'George', 'Harkness', 'North Las Vegas', '1234567878', 'Thief', '2006-03-27'),
('C00090', 'Waylon', 'Jones', 'Norfolk', '1234567879', 'Criminal', '2007-04-28'),
('C00091', 'Harleen', 'Quinzel', 'Chesapeake', '1234567880', 'Psychiatrist', '2008-05-29'),
('C00092', 'Pamela', 'Isley', 'Fremont', '1234567881', 'Botanist', '2009-06-30'),
('C00093', 'Selina', 'Kyle', 'Garland', '1234567882', 'Thief', '2010-07-31'),
('C00094', 'Talia', 'Al Ghul', 'Hialeah', '1234567883', 'Assassin', '1980-01-01'),
('C00095', 'Dinah', 'Lance', 'Richmond', '1234567884', 'Detective', '1981-02-02'),
('C00096', 'Helena', 'Wayne', 'Boise', '1234567885', 'Teacher', '1982-03-03'),
('C00097', 'Kate', 'Kane', 'Spokane', '1234567886', 'Soldier', '1983-04-04'),
('C00098', 'Renee', 'Montoya', 'Baton Rouge', '1234567887', 'Detective', '1984-05-05'),
('C00099', 'Lucius', 'Fox', 'Des Moines', '1234567888', 'Engineer', '1985-06-06'),
('C00100', 'James', 'Gordon', 'Tacoma', '1234567889', 'Policeman', '1986-07-07');


select * from customerses;

CREATE TABLE branch (branchid VARCHAR(20) PRIMARY KEY,branch_name VARCHAR(30) not null,bcity varchar(30) not null);
desc branch;

INSERT INTO branch (branchid, branch_name, bcity) VALUES
('B0001', 'Central Library', 'New York'),
('B0002', 'East Side Branch', 'Los Angeles'),
('B0003', 'West Side Branch', 'Chicago'),
('B0004', 'North End Branch', 'Houston'),
('B0005', 'South End Branch', 'Phoenix'),
('B0006', 'Downtown Branch', 'Philadelphia'),
('B0007', 'Uptown Branch', 'San Antonio'),
('B0008', 'Suburban Branch', 'San Diego'),
('B0009', 'City Center Branch', 'Dallas'),
('B0010', 'Riverside Branch', 'San Jose'),
('B0011', 'Mountain View Branch', 'Austin'),
('B0012', 'Lakeside Branch', 'Jacksonville'),
('B0013', 'Valley Branch', 'Fort Worth'),
('B0014', 'Beachside Branch', 'Columbus'),
('B0015', 'Hillside Branch', 'Charlotte'),
('B0016', 'Forest Branch', 'San Francisco'),
('B0017', 'Parkside Branch', 'Indianapolis'),
('B0018', 'Garden Branch', 'Seattle'),
('B0019', 'Harbor Branch', 'Denver'),
('B0020', 'Meadow Branch', 'Washington'),
('B0021', 'Brookside Branch', 'Boston'),
('B0022', 'Cliffside Branch', 'El Paso'),
('B0023', 'Bay Branch', 'Nashville'),
('B0024', 'Sunnyvale Branch', 'Detroit'),
('B0025', 'Pleasant Hill Branch', 'Oklahoma City'),
('B0026', 'Creekside Branch', 'Portland'),
('B0027', 'Prairie Branch', 'Las Vegas'),
('B0028', 'Canyon Branch', 'Memphis'),
('B0029', 'Terrace Branch', 'Louisville'),
('B0030', 'Bluff Branch', 'Baltimore'),
('B0031', 'Vista Branch', 'Milwaukee'),
('B0032', 'Plateau Branch', 'Albuquerque'),
('B0033', 'Marina Branch', 'Tucson'),
('B0034', 'Oasis Branch', 'Fresno'),
('B0035', 'Highland Branch', 'Sacramento'),
('B0036', 'Springs Branch', 'Mesa'),
('B0037', 'Peninsula Branch', 'Kansas City'),
('B0038', 'Butte Branch', 'Atlanta'),
('B0039', 'Fountain Branch', 'Long Beach'),
('B0040', 'Desert Branch', 'Omaha'),
('B0041', 'Grove Branch', 'Raleigh'),
('B0042', 'Lagoon Branch', 'Colorado Springs'),
('B0043', 'Summit Branch', 'Miami'),
('B0044', 'Pine Branch', 'Virginia Beach'),
('B0045', 'Cove Branch', 'Oakland'),
('B0046', 'Glade Branch', 'Minneapolis'),
('B0047', 'Dell Branch', 'Tulsa'),
('B0048', 'Shore Branch', 'Arlington'),
('B0049', 'Field Branch', 'New Orleans'),
('B0050', 'Woodland Branch', 'Wichita'),
('B0051', 'Park Branch', 'Cleveland'),
('B0052', 'Bayou Branch', 'Tampa'),
('B0053', 'Dune Branch', 'Bakersfield'),
('B0054', 'Glen Branch', 'Aurora'),
('B0055', 'Hollow Branch', 'Honolulu'),
('B0056', 'Ridge Branch', 'Anaheim'),
('B0057', 'Gulf Branch', 'Santa Ana'),
('B0058', 'Arroyo Branch', 'Corpus Christi'),
('B0059', 'Thicket Branch', 'Riverside'),
('B0060', 'Fen Branch', 'Lexington'),
('B0061', 'Heath Branch', 'St. Louis'),
('B0062', 'Knoll Branch', 'Stockton'),
('B0063', 'Paddock Branch', 'Pittsburgh'),
('B0064', 'Quarry Branch', 'St. Paul'),
('B0065', 'Copse Branch', 'Cincinnati'),
('B0066', 'Ravine Branch', 'Anchorage'),
('B0067', 'Moor Branch', 'Henderson'),
('B0068', 'Wold Branch', 'Greensboro'),
('B0069', 'Basin Branch', 'Plano'),
('B0070', 'Ledge Branch', 'Newark'),
('B0071', 'Spur Branch', 'Toledo'),
('B0072', 'Thicket Branch', 'Durham'),
('B0073', 'Grove Branch', 'Chula Vista'),
('B0074', 'Glade Branch', 'Fort Wayne'),
('B0075', 'Dell Branch', 'Jersey City'),
('B0076', 'Pine Branch', 'St. Petersburg'),
('B0077', 'Field Branch', 'Laredo'),
('B0078', 'Park Branch', 'Madison'),
('B0079', 'Glen Branch', 'Chandler'),
('B0080', 'Woodland Branch', 'Lubbock'),
('B0081', 'Bayou Branch', 'Scottsdale'),
('B0082', 'Dune Branch', 'Reno'),
('B0083', 'Hollow Branch', 'Buffalo'),
('B0084', 'Ridge Branch', 'Gilbert'),
('B0085', 'Gulf Branch', 'Glendale'),
('B0086', 'Arroyo Branch', 'North Las Vegas'),
('B0087', 'Thicket Branch', 'Norfolk'),
('B0088', 'Fen Branch', 'Chesapeake'),
('B0089', 'Heath Branch', 'Fremont'),
('B0090', 'Knoll Branch', 'Garland'),
('B0091', 'Paddock Branch', 'Hialeah'),
('B0092', 'Quarry Branch', 'Richmond'),
('B0093', 'Copse Branch', 'Boise'),
('B0094', 'Ravine Branch', 'Spokane'),
('B0095', 'Moor Branch', 'Baton Rouge'),
('B0096', 'Wold Branch', 'Des Moines'),
('B0097', 'Basin Branch', 'Tacoma'),
('B0098', 'Ledge Branch', 'San Bernardino'),
('B0099', 'Spur Branch', 'Modesto'),
('B0100', 'Thicket Branch', 'Fontana');

select * from branch;

CREATE TABLE accs (acnumber VARCHAR(6) PRIMARY KEY,custid VARCHAR(6),branchid VARCHAR(20),opening_balance INT(10),aod DATE,atype VARCHAR(10),astatus VARCHAR(10),FOREIGN KEY (custid) REFERENCES customer(custid),FOREIGN KEY (branchid) references branch(branchid));
desc accs;

INSERT INTO accs (acnumber, custid, branchid, opening_balance, aod, atype, astatus) VALUES
('A00001', 'C00001', 'B0001', 1000, '2024-01-01', 'Savings', 'Active'),
('A00002', 'C00002', 'B0002', 1500, '2024-01-02', 'Checking', 'Active'),
('A00003', 'C00003', 'B0003', 2000, '2024-01-03', 'Savings', 'Inactive'),
('A00004', 'C00004', 'B0004', 2500, '2024-01-04', 'Checking', 'Active'),
('A00005', 'C00005', 'B0005', 3000, '2024-01-05', 'Savings', 'Inactive'),
('A00006', 'C00006', 'B0006', 3500, '2024-01-06', 'Checking', 'Active'),
('A00007', 'C00007', 'B0007', 4000, '2024-01-07', 'Savings', 'Inactive'),
('A00008', 'C00008', 'B0008', 4500, '2024-01-08', 'Checking', 'Active'),
('A00009', 'C00009', 'B0009', 5000, '2024-01-09', 'Savings', 'Inactive'),
('A00010', 'C00010', 'B0010', 5500, '2024-01-10', 'Checking', 'Active'),
('A00011', 'C00011', 'B0011', 6000, '2024-01-11', 'Savings', 'Inactive'),
('A00012', 'C00012', 'B0012', 6500, '2024-01-12', 'Checking', 'Active'),
('A00013', 'C00013', 'B0013', 7000, '2024-01-13', 'Savings', 'Inactive'),
('A00014', 'C00014', 'B0014', 7500, '2024-01-14', 'Checking', 'Active'),
('A00015', 'C00015', 'B0015', 8000, '2024-01-15', 'Savings', 'Inactive'),
('A00016', 'C00016', 'B0016', 8500, '2024-01-16', 'Checking', 'Active'),
('A00017', 'C00017', 'B0017', 9000, '2024-01-17', 'Savings', 'Inactive'),
('A00018', 'C00018', 'B0018', 9500, '2024-01-18', 'Checking', 'Active'),
('A00019', 'C00019', 'B0019', 10000, '2024-01-19', 'Savings', 'Inactive'),
('A00020', 'C00020', 'B0020', 10500, '2024-01-20', 'Checking', 'Active'),
('A00021', 'C00021', 'B0021', 11000, '2024-01-21', 'Savings', 'Inactive'),
('A00022', 'C00022', 'B0022', 11500, '2024-01-22', 'Checking', 'Active'),
('A00023', 'C00023', 'B0023', 12000, '2024-01-23', 'Savings', 'Inactive'),
('A00024', 'C00024', 'B0024', 12500, '2024-01-24', 'Checking', 'Active'),
('A00025', 'C00025', 'B0025', 13000, '2024-01-25', 'Savings', 'Inactive'),
('A00026', 'C00026', 'B0026', 13500, '2024-01-26', 'Checking', 'Active'),
('A00027', 'C00027', 'B0027', 14000, '2024-01-27', 'Savings', 'Inactive'),
('A00028', 'C00028', 'B0028', 14500, '2024-01-28', 'Checking', 'Active'),
('A00029', 'C00029', 'B0029', 15000, '2024-01-29', 'Savings', 'Inactive'),
('A00030', 'C00030', 'B0030', 15500, '2024-01-30', 'Checking', 'Active'),
('A00031', 'C00031', 'B0031', 16000, '2024-01-31', 'Savings', 'Inactive'),
('A00032', 'C00032', 'B0032', 16500, '2024-02-01', 'Checking', 'Active'),
('A00033', 'C00033', 'B0033', 17000, '2024-02-02', 'Savings', 'Inactive'),
('A00034', 'C00034', 'B0034', 17500, '2024-02-03', 'Checking', 'Active'),
('A00035', 'C00035', 'B0035', 18000, '2024-02-04', 'Savings', 'Inactive'),
('A00036', 'C00036', 'B0036', 18500, '2024-02-05', 'Checking', 'Active'),
('A00037', 'C00037', 'B0037', 19000, '2024-02-06', 'Savings', 'Inactive'),
('A00038', 'C00038', 'B0038', 19500, '2024-02-07', 'Checking', 'Active'),
('A00039', 'C00039', 'B0039', 20000, '2024-02-08', 'Savings', 'Inactive'),
('A00040', 'C00040', 'B0040', 20500, '2024-02-09', 'Checking', 'Active'),
('A00041', 'C00041', 'B0041', 21000, '2024-02-10', 'Savings', 'Inactive'),
('A00042', 'C00042', 'B0042', 21500, '2024-02-11', 'Checking', 'Active'),
('A00043', 'C00043', 'B0043', 22000, '2024-02-12', 'Savings', 'Inactive'),
('A00044', 'C00044', 'B0044', 22500, '2024-02-13', 'Checking', 'Active'),
('A00045', 'C00045', 'B0045', 23000, '2024-02-14', 'Savings', 'Inactive'),
('A00046', 'C00046', 'B0046', 23500, '2024-02-15', 'Checking', 'Active'),
('A00047', 'C00047', 'B0047', 24000, '2024-02-16', 'Savings', 'Inactive'),
('A00048', 'C00048', 'B0048', 24500, '2024-02-17', 'Checking', 'Active'),
('A00049', 'C00049', 'B0049', 25000, '2024-02-18', 'Savings', 'Inactive'),
('A00050', 'C00050', 'B0050', 25500, '2024-02-19', 'Checking', 'Active'),
('A00051', 'C00051', 'B0051', 26000, '2024-02-20', 'Savings', 'Inactive'),
('A00052', 'C00052', 'B0052', 26500, '2024-02-21', 'Checking', 'Active'),
('A00053', 'C00053', 'B0053', 27000, '2024-02-22', 'Savings', 'Inactive'),
('A00054', 'C00054', 'B0054', 27500, '2024-02-23', 'Checking', 'Active'),
('A00055', 'C00055', 'B0055', 28000, '2024-02-24', 'Savings', 'Inactive'),
('A00056', 'C00056', 'B0056', 28500, '2024-02-25', 'Checking', 'Active'),
('A00057', 'C00057', 'B0057', 29000, '2024-02-26', 'Savings', 'Inactive'),
('A00058', 'C00058', 'B0058', 29500, '2024-02-27', 'Checking', 'Active'),
('A00059', 'C00059', 'B0059', 30000, '2024-02-28', 'Savings', 'Inactive'),
('A00060', 'C00060', 'B0060', 30500, '2024-02-29', 'Checking', 'Active'),
('A00061', 'C00061', 'B0061', 31000, '2024-03-01', 'Savings', 'Inactive'),
('A00062', 'C00062', 'B0062', 31500, '2024-03-02', 'Checking', 'Active'),
('A00063', 'C00063', 'B0063', 32000, '2024-03-03', 'Savings', 'Inactive'),
('A00064', 'C00064', 'B0064', 32500, '2024-03-04', 'Checking', 'Active'),
('A00065', 'C00065', 'B0065', 33000, '2024-03-05', 'Savings', 'Inactive'),
('A00066', 'C00066', 'B0066', 33500, '2024-03-06', 'Checking', 'Active'),
('A00067', 'C00067', 'B0067', 34000, '2024-03-07', 'Savings', 'Inactive'),
('A00068', 'C00068', 'B0068', 34500, '2024-03-08', 'Checking', 'Active'),
('A00069', 'C00069', 'B0069', 35000, '2024-03-09', 'Savings', 'Inactive'),
('A00070', 'C00070', 'B0070', 35500, '2024-03-10', 'Checking', 'Active'),
('A00071', 'C00071', 'B0071', 36000, '2024-03-11', 'Savings', 'Inactive'),
('A00072', 'C00072', 'B0072', 36500, '2024-03-12', 'Checking', 'Active'),
('A00073', 'C00073', 'B0073', 37000, '2024-03-13', 'Savings', 'Inactive'),
('A00074', 'C00074', 'B0074', 37500, '2024-03-14', 'Checking', 'Active'),
('A00075', 'C00075', 'B0075', 38000, '2024-03-15', 'Savings', 'Inactive'),
('A00076', 'C00076', 'B0076', 38500, '2024-03-16', 'Checking', 'Active'),
('A00077', 'C00077', 'B0077', 39000, '2024-03-17', 'Savings', 'Inactive'),
('A00078', 'C00078', 'B0078', 39500, '2024-03-18', 'Checking', 'Active'),
('A00079', 'C00079', 'B0079', 40000, '2024-03-19', 'Savings', 'Inactive'),
('A00080', 'C00080', 'B0080', 40500, '2024-03-20', 'Checking', 'Active'),
('A00081', 'C00081', 'B0081', 41000, '2024-03-21', 'Savings', 'Inactive'),
('A00082', 'C00082', 'B0082', 41500, '2024-03-22', 'Checking', 'Active'),
('A00083', 'C00083', 'B0083', 42000, '2024-03-23', 'Savings', 'Inactive'),
('A00084', 'C00084', 'B0084', 42500, '2024-03-24', 'Checking', 'Active'),
('A00085', 'C00085', 'B0085', 43000, '2024-03-25', 'Savings', 'Inactive'),
('A00086', 'C00086', 'B0086', 43500, '2024-03-26', 'Checking', 'Active'),
('A00087', 'C00087', 'B0087', 44000, '2024-03-27', 'Savings', 'Inactive'),
('A00088', 'C00088', 'B0088', 44500, '2024-03-28', 'Checking', 'Active'),
('A00089', 'C00089', 'B0089', 45000, '2024-03-29', 'Savings', 'Inactive'),
('A00090', 'C00090', 'B0090', 45500, '2024-03-30', 'Checking', 'Active'),
('A00091', 'C00091', 'B0091', 46000, '2024-03-31', 'Savings', 'Inactive'),
('A00092', 'C00092', 'B0092', 46500, '2024-04-01', 'Checking', 'Active'),
('A00093', 'C00093', 'B0093', 47000, '2024-04-02', 'Savings', 'Inactive'),
('A00094', 'C00094', 'B0094', 47500, '2024-04-03', 'Checking', 'Active'),
('A00095', 'C00095', 'B0095', 48000, '2024-04-04', 'Savings', 'Inactive'),
('A00096', 'C00096', 'B0096', 48500, '2024-04-05', 'Checking', 'Active'),
('A00097', 'C00097', 'B0097', 49000, '2024-04-06', 'Savings', 'Inactive'),
('A00098', 'C00098', 'B0098', 49500, '2024-04-07', 'Checking', 'Active'),
('A00099', 'C00099', 'B0099', 50000, '2024-04-08', 'Savings', 'Inactive'),
('A00100', 'C00100', 'B0100', 50500, '2024-04-09', 'Checking', 'Active');

select * from accs;

CREATE TABLE trandetails (tnumber VARCHAR(6) PRIMARY KEY,acnumber VARCHAR(6),dot DATE,medium_of_transaction VARCHAR(20),transaction_type VARCHAR(20),transaction_amount INT(7),FOREIGN KEY (acnumber) references accs(acnumber));

desc trandetails;

INSERT INTO trandetails (tnumber, acnumber, dot, medium_of_transaction, transaction_type, transaction_amount) VALUES
('T00001', 'A00001', '2024-01-01', 'Online', 'Deposit', 1000),
('T00002', 'A00002', '2024-01-02', 'ATM', 'Withdrawal', 2000),
('T00003', 'A00003', '2024-01-03', 'Online', 'Deposit', 1500),
('T00004', 'A00004', '2024-01-04', 'Branch', 'Withdrawal', 2500),
('T00005', 'A00005', '2024-01-05', 'Online', 'Deposit', 1200),
('T00006', 'A00006', '2024-01-06', 'ATM', 'Withdrawal', 2200),
('T00007', 'A00007', '2024-01-07', 'Branch', 'Deposit', 1800),
('T00008', 'A00008', '2024-01-08', 'Online', 'Withdrawal', 3000),
('T00009', 'A00009', '2024-01-09', 'ATM', 'Deposit', 1900),
('T00010', 'A00010', '2024-01-10', 'Branch', 'Withdrawal', 2300),
('T00011', 'A00011', '2024-01-11', 'Online', 'Deposit', 2100),
('T00012', 'A00012', '2024-01-12', 'ATM', 'Withdrawal', 1700),
('T00013', 'A00013', '2024-01-13', 'Branch', 'Deposit', 1400),
('T00014', 'A00014', '2024-01-14', 'Online', 'Withdrawal', 2600),
('T00015', 'A00015', '2024-01-15', 'ATM', 'Deposit', 1300),
('T00016', 'A00016', '2024-01-16', 'Branch', 'Withdrawal', 2800),
('T00017', 'A00017', '2024-01-17', 'Online', 'Deposit', 1600),
('T00018', 'A00018', '2024-01-18', 'ATM', 'Withdrawal', 2400),
('T00019', 'A00019', '2024-01-19', 'Branch', 'Deposit', 2500),
('T00020', 'A00020', '2024-01-20', 'Online', 'Withdrawal', 2700),
('T00021', 'A00021', '2024-01-21', 'ATM', 'Deposit', 2300),
('T00022', 'A00022', '2024-01-22', 'Branch', 'Withdrawal', 2100),
('T00023', 'A00023', '2024-01-23', 'Online', 'Deposit', 2200),
('T00024', 'A00024', '2024-01-24', 'ATM', 'Withdrawal', 2500),
('T00025', 'A00025', '2024-01-25', 'Branch', 'Deposit', 1700),
('T00026', 'A00026', '2024-01-26', 'Online', 'Withdrawal', 2400),
('T00027', 'A00027', '2024-01-27', 'ATM', 'Deposit', 2000),
('T00028', 'A00028', '2024-01-28', 'Branch', 'Withdrawal', 2600),
('T00029', 'A00029', '2024-01-29', 'Online', 'Deposit', 1800),
('T00030', 'A00030', '2024-01-30', 'ATM', 'Withdrawal', 2700),
('T00031', 'A00031', '2024-01-31', 'Branch', 'Deposit', 1600),
('T00032', 'A00032', '2024-02-01', 'Online', 'Withdrawal', 2800),
('T00033', 'A00033', '2024-02-02', 'ATM', 'Deposit', 1500),
('T00034', 'A00034', '2024-02-03', 'Branch', 'Withdrawal', 2900),
('T00035', 'A00035', '2024-02-04', 'Online', 'Deposit', 1400),
('T00036', 'A00036', '2024-02-05', 'ATM', 'Withdrawal', 3000),
('T00037', 'A00037', '2024-02-06', 'Branch', 'Deposit', 1300),
('T00038', 'A00038', '2024-02-07', 'Online', 'Withdrawal', 3100),
('T00039', 'A00039', '2024-02-08', 'ATM', 'Deposit', 1200),
('T00040', 'A00040', '2024-02-09', 'Branch', 'Withdrawal', 3200),
('T00041', 'A00041', '2024-02-10', 'Online', 'Deposit', 1100),
('T00042', 'A00042', '2024-02-11', 'ATM', 'Withdrawal', 3300),
('T00043', 'A00043', '2024-02-12', 'Branch', 'Deposit', 1000),
('T00044', 'A00044', '2024-02-13', 'Online', 'Withdrawal', 3400),
('T00045', 'A00045', '2024-02-14', 'ATM', 'Deposit', 900),
('T00046', 'A00046', '2024-02-15', 'Branch', 'Withdrawal', 3500),
('T00047', 'A00047', '2024-02-16', 'Online', 'Deposit', 800),
('T00048', 'A00048', '2024-02-17', 'ATM', 'Withdrawal', 3600),
('T00049', 'A00049', '2024-02-18', 'Branch', 'Deposit', 700),
('T00050', 'A00050', '2024-02-19', 'Online', 'Withdrawal', 3700),
('T00051', 'A00051', '2024-02-20', 'ATM', 'Deposit', 600),
('T00052', 'A00052', '2024-02-21', 'Branch', 'Withdrawal', 3800),
('T00053', 'A00053', '2024-02-22', 'Online', 'Deposit', 500),
('T00054', 'A00054', '2024-02-23', 'ATM', 'Withdrawal', 3900),
('T00055', 'A00055', '2024-02-24', 'Branch', 'Deposit', 400),
('T00056', 'A00056', '2024-02-25', 'Online', 'Withdrawal', 4000),
('T00057', 'A00057', '2024-02-26', 'ATM', 'Deposit', 300),
('T00058', 'A00058', '2024-02-27', 'Branch', 'Withdrawal', 4100),
('T00059', 'A00059', '2024-02-28', 'Online', 'Deposit', 200),
('T00060', 'A00060', '2024-02-29', 'ATM', 'Withdrawal', 4200),
('T00061', 'A00061', '2024-03-01', 'Branch', 'Deposit', 100),
('T00062', 'A00062', '2024-03-02', 'Online', 'Withdrawal', 4300),
('T00063', 'A00063', '2024-03-03', 'ATM', 'Deposit', 50),
('T00064', 'A00064', '2024-03-04', 'Branch', 'Withdrawal', 4400),
('T00065', 'A00065', '2024-03-05', 'Online', 'Deposit', 75),
('T00066', 'A00066', '2024-03-06', 'ATM', 'Withdrawal', 4500),
('T00067', 'A00067', '2024-03-07', 'Branch', 'Deposit', 85),
('T00068', 'A00068', '2024-03-08', 'Online', 'Withdrawal', 4600),
('T00069', 'A00069', '2024-03-09', 'ATM', 'Deposit', 95),
('T00070', 'A00070', '2024-03-10', 'Branch', 'Withdrawal', 4700),
('T00071', 'A00071', '2024-03-11', 'Online', 'Deposit', 100),
('T00072', 'A00072', '2024-03-12', 'ATM', 'Withdrawal', 4800),
('T00073', 'A00073', '2024-03-13', 'Branch', 'Deposit', 200),
('T00074', 'A00074', '2024-03-14', 'Online', 'Withdrawal', 4900),
('T00075', 'A00075', '2024-03-15', 'ATM', 'Deposit', 300),
('T00076', 'A00076', '2024-03-16', 'Branch', 'Withdrawal', 5000),
('T00077', 'A00077', '2024-03-17', 'Online', 'Deposit', 400),
('T00078', 'A00078', '2024-03-18', 'ATM', 'Withdrawal', 5100),
('T00079', 'A00079', '2024-03-19', 'Branch', 'Deposit', 500),
('T00080', 'A00080', '2024-03-20', 'Online', 'Withdrawal', 5200),
('T00081', 'A00081', '2024-03-21', 'ATM', 'Deposit', 600),
('T00082', 'A00082', '2024-03-22', 'Branch', 'Withdrawal', 5300),
('T00083', 'A00083', '2024-03-23', 'Online', 'Deposit', 700),
('T00084', 'A00084', '2024-03-24', 'ATM', 'Withdrawal', 5400),
('T00085', 'A00085', '2024-03-25', 'Branch', 'Deposit', 800),
('T00086', 'A00086', '2024-03-26', 'Online', 'Withdrawal', 5500),
('T00087', 'A00087', '2024-03-27', 'ATM', 'Deposit', 900),
('T00088', 'A00088', '2024-03-28', 'Branch', 'Withdrawal', 5600),
('T00089', 'A00089', '2024-03-29', 'Online', 'Deposit', 1000),
('T00090', 'A00090', '2024-03-30', 'ATM', 'Withdrawal', 5700),
('T00091', 'A00091', '2024-03-31', 'Branch', 'Deposit', 1100),
('T00092', 'A00092', '2024-04-01', 'Online', 'Withdrawal', 5800),
('T00093', 'A00093', '2024-04-02', 'ATM', 'Deposit', 1200),
('T00094', 'A00094', '2024-04-03', 'Branch', 'Withdrawal', 5900),
('T00095', 'A00095', '2024-04-04', 'Online', 'Deposit', 1300),
('T00096', 'A00096', '2024-04-05', 'ATM', 'Withdrawal', 6000),
('T00097', 'A00097', '2024-04-06', 'Branch', 'Deposit', 1400),
('T00098', 'A00098', '2024-04-07', 'Online', 'Withdrawal', 6100),
('T00099', 'A00099', '2024-04-08', 'ATM', 'Deposit', 1500),
('T00100', 'A00100', '2024-04-09', 'Branch', 'Withdrawal', 6200);

select * from trandetails;

CREATE TABLE loan (custid VARCHAR(6),branchid VARCHAR(6),loan_amount INT(7),CONSTRAINT loan_customer_custid_branchid_pk PRIMARY KEY(custid, branchid),CONSTRAINT loan_custid_fk FOREIGN KEY(custid) REFERENCES customer(custid),CONSTRAINT loan_branchid_fk FOREIGN KEY(branchid) references branch(branchid));

desc loan;

INSERT INTO Loan (custid, branchid, loan_amount) VALUES 
('C00001', 'B0001', 50000),
('C00002', 'B0002', 60000),
('C00003', 'B0003', 70000),
('C00004', 'B0004', 30000),
('C00005', 'B0005', 100000),
('C00006', 'B0006', 5000),
('C00007', 'B0007', 60000),
('C00008', 'B0008', 80000),
('C00009', 'B0009', 10000),
('C00010', 'B0010', 100000),
('C00011', 'B0011', 25000),
('C00012', 'B0012', 350000),
('C00013', 'B0013', 70000),
('C00014', 'B0014', 30000),
('C00015', 'B0015', 100000),
('C00016', 'B0016', 5000),
('C00017', 'B0017', 60000),
('C00018', 'B0018', 80000),
('C00019', 'B0019', 10000),
('C00020', 'B0020', 100000),
('C00021', 'B0021', 50000),
('C00022', 'B0022', 6000),
('C00023', 'B0023', 700000),
('C00024', 'B0024', 30000),
('C00025', 'B0025', 100000),
('C00026', 'B0026', 500000),
('C00027', 'B0027', 60000),
('C00028', 'B0028', 8000),
('C00029', 'B0029', 10000),
('C00030', 'B0030', 10000),
('C00031', 'B0031', 25000),
('C00032', 'B0032', 350000),
('C00033', 'B0033', 70000),
('C00034', 'B0034', 30000),
('C00035', 'B0035', 50000),
('C00036', 'B0036', 5000),
('C00037', 'B0037', 60000),
('C00038', 'B0038', 260000),
('C00039', 'B0039', 10000),
('C00040', 'B0040', 550000),
('C00041', 'B0041', 25000),
('C00042', 'B0042', 350000),
('C00043', 'B0043', 70000),
('C00044', 'B0044', 30000),
('C00045', 'B0045', 100000),
('C00046', 'B0046', 800000),
('C00047', 'B0047', 650000),
('C00048', 'B0048', 80000),
('C00049', 'B0049', 10000),
('C00050', 'B0050', 100000),
('C00051', 'B0051', 750000),
('C00052', 'B0052', 6000),
('C00053', 'B0053', 700000),
('C00054', 'B0054', 330000),
('C00055', 'B0055', 100000),
('C00056', 'B0056', 500000),
('C00057', 'B0057', 60000),
('C00058', 'B0058', 90000),
('C00059', 'B0059', 10000),
('C00060', 'B0060', 10000),
('C00061', 'B0061', 25000),
('C00062', 'B0062', 350000),
('C00063', 'B0063', 70900),
('C00064', 'B0064', 30000),
('C00065', 'B0065', 59000),
('C00066', 'B0066', 5000),
('C00067', 'B0067', 60000),
('C00068', 'B0068', 260000),
('C00069', 'B0069', 15000),
('C00070', 'B0070', 550000),
('C00071', 'B0071', 25000),
('C00072', 'B0072', 350000),
('C00073', 'B0073', 70000),
('C00074', 'B0074', 30000),
('C00075', 'B0075', 100000),
('C00076', 'B0076', 800000),
('C00077', 'B0077', 650000),
('C00078', 'B0078', 80000),
('C00079', 'B0079', 10000),
('C00080', 'B0080', 100000),
('C00081', 'B0081', 750000),
('C00082', 'B0082', 6000),
('C00083', 'B0083', 700000),
('C00084', 'B0084', 330000),
('C00085', 'B0085', 10000),
('C00086', 'B0086', 50000),
('C00087', 'B0087', 60000),
('C00088', 'B0088', 9000),
('C00089', 'B0089', 10000),
('C00090', 'B0090', 10000),
('C00091', 'B0091', 25000),
('C00092', 'B0092', 350000),
('C00093', 'B0093', 70900),
('C00094', 'B0094', 35000),
('C00095', 'B0095', 59000),
('C00096', 'B0096', 5000),
('C00097', 'B0097', 68000),
('C00098', 'B0098', 260000),
('C00099', 'B0099', 15000),
('C00100', 'B0100', 80000);

SELECT * FROM loan;




